{
  "products": [
    {
      "id": "1",
      "name": "",
      "accountNb": "45 1234 5678 9123 0000 4567 1234",
      "available": "16000.00",
      "freeToSpend": "12000",
      "upcoming": "4000.00",
      "additional": {
        "amount": "10000.00",
        "elClassName": "yellow-bg"
      },
      "currency": "DKK",
      "pattern": 35,
      "patternClassName": "green-bg",
      "elClassName": "light-green-bg",
      "savings": [
        {
          "id": "1",
          "title": "Summer holiday",
          "pattern": 45,
          "amount": "500,00",
          "elClassName": "light-blue-bg"
        }, {
          "id": "2",
          "title": "For a new car",
          "pattern": 25,
          "amount": "100000,00",
          "elClassName": "sand-bg"
        }, {
          "id": "3",
          "title": "House renovation",
          "pattern": 75,
          "amount": "50000,00",
          "elClassName": "turquoise-bg"
        }, {
          "id": "4",
          "title": "Wedding party",
          "pattern": 85,
          "amount": "2000,00",
          "elClassName": "pink-bg"
        }, {
          "id": "6",
          "title": "New bicycle",
          "pattern": 65,
          "amount": "2000,00",
          "elClassName": "brown-bg"
        } , {
          "id": "7",
            "title": "Saving account",
            "pattern": 65,
            "amount": "2000,00",
            "elClassName": "violet-bg"
	      }
      ]
    }, {
      "id": "2",
      "name": "Budget",
      "accountNb": "45 1234 5678 9123 0000 4567 1234",
      "available": "5000.00",
      "freeToSpend": "2500",
      "upcoming": "4000.00",
      "additional": {
        "amount": "10000.00",
        "elClassName": "yellow-bg"
      },
	  "currency": "DKK",
	  "pattern": 35,
	  "patternClassName": "green-bg",
	  "elClassName": "light-green-bg",
	  "savings": [
		  {
          "id": "1",
			  "title": "Summer holiday",
			  "pattern": 45,
			  "amount": "500,00",
			  "elClassName": "light-blue-bg"
		  }, {
          "id": "2",
			  "title": "For a new car",
			  "pattern": 25,
			  "amount": "100000,00",
			  "elClassName": "sand-bg"
		  }, {
          "id": "3",
			  "title": "House renovation",
			  "pattern": 75,
			  "amount": "50000,00",
			  "elClassName": "turquoise-bg"
		  }, {
          "id": "4",
			  "title": "Wedding party",
			  "pattern": 85,
			  "amount": "2000,00",
			  "elClassName": "pink-bg"
		  }, {
          "id": "5",
			  "title": "New bicycle",
			  "pattern": 65,
			  "amount": "2000,00",
			  "elClassName": "brown-bg"
		  } , {
          "id": "6",
			  "title": "Saving account",
			  "pattern": 65,
			  "amount": "2000,00",
			  "elClassName": "violet-bg"
		  }
	  ]
    }, {
      "id": "3",
      "name": "Credit Card",
      "type": "creditCard",
      "accountNb": "45 1234 5678 9123 0000 4567 1234",
      "available": "3500.00",
      "freeToSpend": "500",
      "upcoming": "2500.00",
      "additional": {
        "amount": "10000.00",
        "elClassName": "yellow-bg"
      },
      "currency": "DKK",
      "pattern": 35,
      "patternClassName": "turquoise-bg",
      "elClassName": "turquoise-bg"
    }
  ]
}
