{
    "history": [
        {
            "id": "1",
            "transactions": [
                {
                    "id": "1",
                    "date": "TODAY",
                    "icon": "assets/img/icons/shopping-cart.svg",
                    "title": "FÃ¸tex Food, Ã˜sterbrogade 22",
                    "categories": ["shopping"],
                    "amount": "-468.99",
                    "currency": "DKK"
                },
                {
                    "id": "2",
                    "date": "10.11 - 18.11",
                    "icon": "assets/img/icons/menu.svg",
                    "title": "32 small transactions & 7 withrawals",
                    "categories": ["shopping +4"],
                    "amount": "-1412,56",
                    "currency": "DKK",
                    "smallTransaction": [
                        {
                            "date": "2015-11-09",
                            "icon": "assets/img/icons/house.svg",
                            "title": "House loan repayment, Nordea loans",
                            "categories": ["loans"],
                            "amount": "-47.54",
                            "currency": "DKK"
                        },
                        {
                            "date": "2015-11-09",
                            "icon": "assets/img/icons/salary.svg",
                            "title": "Company-Name, salary",
                            "categories": ["food"],
                            "amount": "-6739.24",
                            "currency": "DKK"
                        },
                        {
                            "date": "2015-11-09",
                            "icon": "assets/img/icons/shopping-cart.svg",
                            "title": "House loan repayment",
                            "categories": ["pizza"],
                            "amount": "-2383.72",
                            "currency": "DKK"
                        },
                        {
                            "date": "2015-11-09",
                            "icon": "assets/img/icons/house.svg",
                            "title": "House loan repayment, Nordea loans",
                            "categories": ["other"],
                            "amount": "-1162.53",
                            "currency": "DKK"
                        }
                    ]
                },
                {
                    "id": "3",
                    "date": "10.11",
                    "icon": "assets/img/icons/house.svg",
                    "title": "Mortage repayment, Nordea Kredit",
                    "categories": ["loan"],
                    "amount": "-2100,00",
                    "currency": "DKK"
                },
                {
                    "id": "4",
                    "date": "3.11",
                    "icon": "assets/img/icons/salary.svg",
                    "title": "Novo Nordisk, Tuborg Havnevej 2",
                    "categories": ["salary"],
                    "amount": "20200,00",
                    "currency": "DKK"
                },
                {
                    "id": "5",
                    "date": "25.10 - 02.11",
                    "icon": "assets/img/icons/menu.svg",
                    "title": "56 small transactions & 5 withrawals",
                    "categories": ["clothing +2"],
                    "amount": "-2583,63",
                    "currency": "DKK",
                    "smallTransaction": [
                        {
                            "date": "2015-11-02",
                            "icon": "assets/img/icons/house.svg",
                            "title": "House loan repayment, Nordea loans",
                            "categories": ["loans"],
                            "amount": "-47.54",
                            "currency": "DKK"
                        },
                        {
                            "date": "2015-11-02",
                            "icon": "assets/img/icons/salary.svg",
                            "title": "Company-Name, salary",
                            "categories": ["food"],
                            "amount": "-6739.24",
                            "currency": "DKK"
                        },
                        {
                            "date": "2015-11-01",
                            "icon": "assets/img/icons/shopping-cart.svg",
                            "title": "House loan repayment",
                            "categories": ["pizza"],
                            "amount": "-2383.72",
                            "currency": "DKK"
                        },
                        {
                            "date": "2015-11-01",
                            "icon": "assets/img/icons/house.svg",
                            "title": "House loan repayment, Nordea loans",
                            "categories": ["other"],
                            "amount": "-1162.53",
                            "currency": "DKK"
                        },
                        {
                            "date": "2015-11-01",
                            "icon": "assets/img/icons/house.svg",
                            "title": "House loan repayment, Nordea loans",
                            "categories": ["loans"],
                            "amount": "-47.54",
                            "currency": "DKK"
                        },
                        {
                            "date": "2015-11-01",
                            "icon": "assets/img/icons/salary.svg",
                            "title": "Company-Name, salary",
                            "categories": ["food"],
                            "amount": "-6739.24",
                            "currency": "DKK"
                        },
                        {
                            "date": "2015-11-01",
                            "icon": "assets/img/icons/shopping-cart.svg",
                            "title": "House loan repayment",
                            "categories": ["pizza"],
                            "amount": "-2383.72",
                            "currency": "DKK"
                        },
                        {
                            "date": "2015-11-01",
                            "icon": "assets/img/icons/house.svg",
                            "title": "House loan repayment, Nordea loans",
                            "categories": ["other"],
                            "amount": "-1162.53",
                            "currency": "DKK"
                        }
                    ]
                }
            ]
        }, {
            "id": "2",
            "transactions": [
                {
                    "id": "1",
                    "date": "TODAY",
                    "icon": "assets/img/icons/shopping-cart.svg",
                    "title": "Plante Oasen, Baltorpvej 214",
                    "categories": ["shopping"],
                    "amount": "-100,00",
                    "currency": "DKK"
                },
                {
                    "id": "2",
                    "date": "10.11 - 22.11",
                    "icon": "assets/img/icons/shopping-cart.svg",
                    "title": "3HÃ¸sterkÃ¸b Planteskole, Kongevej 35",
                    "categories": ["shopping"],
                    "amount": "-1800,00",
                    "currency": "DKK"
                },
                {
                    "id": "3",
                    "date": "9.11",
                    "icon": "assets/img/icons/salary.svg",
                    "title": "Budget account interst",
                    "categories": ["interest"],
                    "amount": "20.00",
                    "currency": "DKK"
                },
                {
                    "id": "4",
                    "date": "3.11",
                    "icon": "assets/img/icons/salary.svg",
                    "title": "Transfer from Grundkonto",
                    "categories": ["salary"],
                    "amount": "1200.00",
                    "currency": "DKK"
                },
                {
                    "id": "5",
                    "date": "25.10 - 02.11",
                    "icon": "assets/img/icons/menu.svg",
                    "title": "2 small transactions",
                    "categories": ["food", "clothes", "+2"],
                    "amount": "-40,00",
                    "currency": "DKK",
                    "smallTransaction": [
                        {
                            "date": "2015-11-02",
                            "icon": "assets/img/icons/house.svg",
                            "title": "House loan repayment, Nordea loans",
                            "categories": ["loans"],
                            "amount": "-47.54",
                            "currency": "DKK"
                        },
                        {
                            "date": "2015-11-01",
                            "icon": "assets/img/icons/salary.svg",
                            "title": "Company-Name, salary",
                            "categories": ["food"],
                            "amount": "-6739.24",
                            "currency": "DKK"
                        },
                        {
                            "date": "2015-10-29",
                            "icon": "assets/img/icons/shopping-cart.svg",
                            "title": "House loan repayment",
                            "categories": ["pizza"],
                            "amount": "-2383.72",
                            "currency": "DKK"
                        },
                        {
                            "date": "2015-10-29",
                            "icon": "assets/img/icons/house.svg",
                            "title": "House loan repayment, Nordea loans",
                            "categories": ["other"],
                            "amount": "-1162.53",
                            "currency": "DKK"
                        },
                        {
                            "date": "2015-10-28",
                            "icon": "assets/img/icons/house.svg",
                            "title": "House loan repayment, Nordea loans",
                            "categories": ["loans"],
                            "amount": "-47.54",
                            "currency": "DKK"
                        },
                        {
                            "date": "2015-10-28",
                            "icon": "assets/img/icons/salary.svg",
                            "title": "Company-Name, salary",
                            "categories": ["food"],
                            "amount": "-6739.24",
                            "currency": "DKK"
                        },
                        {
                            "date": "2015-10-27",
                            "icon": "assets/img/icons/shopping-cart.svg",
                            "title": "House loan repayment",
                            "categories": ["pizza"],
                            "amount": "-2383.72",
                            "currency": "DKK"
                        },
                        {
                            "date": "2015-10-25",
                            "icon": "assets/img/icons/house.svg",
                            "title": "House loan repayment, Nordea loans",
                            "categories": ["other"],
                            "amount": "-1162.53",
                            "currency": "DKK"
                        }
                    ]
                }
            ]
        }, {
            "id": "3",
            "transactions": [
                {
                    "id": "1",
                    "date": "TODAY",
                    "icon": "assets/img/icons/shopping-cart.svg",
                    "title": "Irma City Supermarked, Vesterbrogade 25",
                    "categories": ["shopping"],
                    "amount": "-1100,99",
                    "currency": "DKK"
                },
                {
                    "id": "2",
                    "date": "10.10 - 18.11",
                    "icon": "assets/img/icons/menu.svg",
                    "title": "3 small transactions",
                    "categories": ["shopping", "+4"],
                    "amount": "-80.00",
                    "currency": "DKK",
                    "smallTransaction": [
                        {
                            "date": "2015-11-09",
                            "icon": "assets/img/icons/house.svg",
                            "title": "House loan repayment, Nordea loans",
                            "categories": ["loans"],
                            "amount": "-47.54",
                            "currency": "DKK"
                        },
                        {
                            "date": "2015-11-09",
                            "icon": "assets/img/icons/salary.svg",
                            "title": "Company-Name, salary",
                            "categories": ["food"],
                            "amount": "-6739.24",
                            "currency": "DKK"
                        },
                        {
                            "date": "2015-11-09",
                            "icon": "assets/img/icons/shopping-cart.svg",
                            "title": "House loan repayment",
                            "categories": ["pizza"],
                            "amount": "-2383.72",
                            "currency": "DKK"
                        },
                        {
                            "date": "2015-11-09",
                            "icon": "assets/img/icons/house.svg",
                            "title": "House loan repayment, Nordea loans",
                            "categories": ["other"],
                            "amount": "-1162.53",
                            "currency": "DKK"
                        }
                    ]
                },
                {
                    "id": "3",
                    "date": "10.10",
                    "icon": "assets/img/icons/salary.svg",
                    "title": "Pizza romana, Kongevej 21",
                    "categories": ["food"],
                    "amount": "-8200.00",
                    "currency": "DKK"
                },
                {
                    "id": "4",
                    "date": "3.10",
                    "icon": "assets/img/icons/house.svg",
                    "title": "Foot Locker, Istedgade 17",
                    "categories": ["clothes"],
                    "amount": "-200.00",
                    "currency": "DKK"
                },
                {
                    "id": "5",
                    "date": "25.09 - 02.10",
                    "icon": "assets/img/icons/menu.svg",
                    "title": "5 small transactions & 1 withrawal",
                    "categories": ["food", "cash"],
                    "amount": "-100,00",
                    "currency": "DKK",
                    "smallTransaction": [
                        {
                            "date": "2015-10-02",
                            "icon": "assets/img/icons/house.svg",
                            "title": "House loan repayment, Nordea loans",
                            "categories": ["loans"],
                            "amount": "-47.54",
                            "currency": "DKK"
                        },
                        {
                            "date": "2015-10-01",
                            "icon": "assets/img/icons/salary.svg",
                            "title": "Company-Name, salary",
                            "categories": ["food"],
                            "amount": "-6739.24",
                            "currency": "DKK"
                        },
                        {
                            "date": "2015-10-01",
                            "icon": "assets/img/icons/shopping-cart.svg",
                            "title": "House loan repayment",
                            "categories": ["pizza"],
                            "amount": "-2383.72",
                            "currency": "DKK"
                        },
                        {
                            "date": "2015-09-29",
                            "icon": "assets/img/icons/house.svg",
                            "title": "House loan repayment, Nordea loans",
                            "categories": ["other"],
                            "amount": "-1162.53",
                            "currency": "DKK"
                        },
                        {
                            "date": "2015-09-29",
                            "icon": "assets/img/icons/house.svg",
                            "title": "House loan repayment, Nordea loans",
                            "categories": ["loans"],
                            "amount": "-47.54",
                            "currency": "DKK"
                        },
                        {
                            "date": "2015-09-28",
                            "icon": "assets/img/icons/salary.svg",
                            "title": "Company-Name, salary",
                            "categories": ["food"],
                            "amount": "-6739.24",
                            "currency": "DKK"
                        },
                        {
                            "date": "2015-09-26",
                            "icon": "assets/img/icons/shopping-cart.svg",
                            "title": "House loan repayment",
                            "categories": ["pizza"],
                            "amount": "-2383.72",
                            "currency": "DKK"
                        },
                        {
                            "date": "2015-09-25",
                            "icon": "assets/img/icons/house.svg",
                            "title": "House loan repayment, Nordea loans",
                            "categories": ["other"],
                            "amount": "-1162.53",
                            "currency": "DKK"
                        }
                    ]
                }
            ]
        }
    ]
}
