{
  "users": [
    {
      "id": "1",
      "name": "Tobias",
      "surname": "Johanson",
      "email": "tobias@nosuchemail.com",
      "login": "tobias",
      "pin": "1111",
      "avatarSrc": "assets/img/avatar.jpg",
      "type": "PRIVATE"
    }, {
      "id": "2",
      "name": "Tobias2",
      "surname": "Johanson2",
      "email": "tobias@nosuchemail.com",
      "login": "tobias2",
      "pin": "1111",
      "avatarSrc": "assets/img/avatar.jpg",
      "type": "COMPANY"
    }
  ]
}
